{"_runtime":27.084902875,"_timestamp":1.754675006005444e+09,"_step":0,"_wandb":{"runtime":27}}